timestamp,LinearAccelerometerSensor,AccX,AccY,AccZ
1770765752399,2.3324062231251337,2.3490002155303955,1.9000500440597534,10.000950813293457
1770765752415,,3.109950065612793,2.3779501914978027,7.479000568389893
1770765752469,3.6222373695550885,,,
1770765752508,,,,7.563000202178955
1770765752509,,1.0180500745773315,3.3960001468658447,
1770765752536,1.5405283497173816,,,
1770765752556,,,,7.728000164031982
1770765752557,,3.220050096511841,2.0500500202178955,
1770765752599,1.6826611124018565,,,
1770765752617,,4.297950267791748,1.7299500703811646,11.394001007080078
1770765752661,1.833419631603056,,,
1770765752677,,,,8.728950500488281
1770765752678,,5.055000305175781,1.8679500818252563,
1770765752719,2.731561575779127,,,
1770765752745,,,,8.961000442504883
1770765752746,,2.0400002002716064,3.078000068664551,
1770765752800,4.940807345437732,,,
1770765752819,,0.5800500512123108,5.284950256347656,10.092000007629395
1770765752860,1.848805495558279,,,
1770765752880,,4.40595006942749,3.4990501403808594,3.570000171661377
1770765752921,1.7085971240937836,,,
1770765752940,,4.284000396728516,2.3519999980926514,12.445050239562988
1770765752983,3.659995223078711,,,
1770765753002,,4.426949977874756,2.9700000286102295,6.490950107574463
1770765753067,3.95913420489174,,,
1770765753082,,,,10.17300033569336
1770765753083,,4.03695011138916,2.2540500164031982,
1770765753123,1.3655612974345335,,,
1770765753143,,,,8.19795036315918
1770765753144,,4.353000164031982,3.1110000610351562,
1770765753185,0.46488792145452945,,,
1770765753219,,5.2699503898620605,2.9599502086639404,7.79295015335083
1770765753249,0.8610969631167654,,,
1770765753265,,,,6.961950302124023
1770765753266,,4.81695032119751,1.9039500951766968,
1770765753325,0.7620869064733946,,,
1770765753346,,,1.3680000305175781,7.3909502029418945
1770765753347,,7.219050407409668,,
1770765753387,3.3304357968659146,,,
1770765753406,,9.004950523376465,3.2089500427246094,10.894050598144531
1770765753448,1.8196880268120401,,,
1770765753467,,5.623950481414795,2.353950023651123,8.361000061035156
1770765753508,0.5839657477530661,,,
1770765753527,,,,7.852950572967529
1770765753528,,6.40500020980835,1.990950107574463,
1770765753590,3.272905474926328,,,
1770765753609,,,,12.718050956726074
1770765753610,,5.155050277709961,1.1239500045776367,
1770765753651,3.2016300341370303,,,
1770765753673,,3.807000160217285,2.4499502182006836,10.852950096130371
1770765753711,0.8165910502543855,,,
1770765753730,,,,8.964000701904297
1770765753731,,4.509000301361084,1.7650500535964966,
1770765753772,1.3873522533762361,,,
1770765753791,,,,7.4239501953125
1770765753792,,2.6959500312805176,2.059950113296509,
1770765753853,2.7224947691307575,,,
1770765753872,,,,5.284050464630127
1770765753873,,4.256999969482422,2.2080001831054688,
1770765753913,3.7230503638193837,,,
1770765753933,,2.425950050354004,2.386050224304199,6.1050004959106445
1770765753973,2.1525398068175376,,,
1770765753995,,2.8590002059936523,3.2950501441955566,4.924950122833252
1770765754040,2.240207555555461,,,
1770765754055,,,,6.844950199127197
1770765754056,,5.100000381469727,3.6160502433776855,
1770765754116,1.4426315599343118,,,
1770765754135,,,,8.45895004272461
1770765754136,,,3.999000072479248,
1770765754137,,5.056950092315674,,
1770765754179,2.003105375339589,,,
1770765754196,,,3.9660000801086426,9.52695083618164
1770765754197,,4.401000022888184,,
1770765754238,2.500744994739976,,,
1770765754258,,,,10.077000617980957
1770765754259,,3.520050048828125,4.0759501457214355,
1770765754299,1.4714308277065211,,,
1770765754324,,,,8.422950744628906
1770765754325,,3.6439502239227295,3.939000129699707,
1770765754379,1.6153691338226939,,,
1770765754399,,,,11.51400089263916
1770765754400,,3.9630002975463867,2.8999500274658203,
1770765754443,2.233272040176057,,,
1770765754459,,,1.0180500745773315,8.260050773620605
1770765754460,,6.003000259399414,,
1770765754502,1.8056152733276398,,,
1770765754529,,,,6.2820000648498535
1770765754530,,3.4050002098083496,3.8269500732421875,
1770765754561,2.123760535094483,,,
1770765754580,,,,5.490000247955322
1770765754581,,5.608050346374512,3.829050064086914,
1770765754649,3.3008149094530106,,,
1770765754667,,,4.219950199127197,5.857950210571289
1770765754668,,3.5629501342773438,,
1770765754703,1.237820416208257,,,
1770765754723,,2.6700000762939453,3.8680500984191895,6.466950416564941
1770765754763,6.484267636065236,,,
1770765754783,,,,7.056000232696533
1770765754784,,4.777050018310547,4.2270002365112305,
1770765754825,7.325599349046732,,,
1770765754844,,,,14.137950897216797
1770765754845,,6.402000427246094,3.373950242996216,
1770765754905,4.858958530058286,,,
1770765754924,,1.91100013256073,3.2280001640319824,8.293050765991211
1770765754973,6.005417603162907,,,
1770765754985,,,,6.586050510406494
1770765754986,,3.4459502696990967,0.8359500169754028,
1770765755027,3.4316179755673293,,,
1770765755047,,,,-0.5500500202178955
1770765755048,,8.988000869750977,1.1910001039505005,
1770765755087,2.071937125124691,,,
1770765755107,,,,-1.7470500469207764
1770765755108,,12.04800033569336,-0.775950014591217,
1770765755171,21.151883867923193,,,
1770765755188,,4.0920000076293945,7.3560004234313965,5.818050384521484
1770765755232,1.8729627986172797,,,
1770765755248,,13.147050857543945,0.5899500250816345,1.8840000629425049
1770765755291,2.3761066067216654,,,
1770765755316,,5.620050430297852,5.368950366973877,-0.21495001018047333
1770765755352,5.998915892252884,,,
1770765755374,,,-0.4650000333786011,2.1090002059936523
1770765755375,,7.047000408172607,,
1770765755435,1.0749172090098782,,,
1770765755451,,,,3.928950071334839
1770765755452,,,-0.690000057220459,
1770765755453,,8.659950256347656,,
1770765755493,3.661419205797929,,,
1770765755513,,,,4.057950019836426
1770765755514,,8.131050109863281,1.8760501146316528,
1770765755553,9.609455188943873,,,
1770765755582,,,,4.278000354766846
1770765755583,,14.646000862121582,-2.1510000228881836,
1770765755615,14.999008145918454,,,
1770765755640,,4.018050193786621,-3.52305006980896,-4.182000160217285
1770765755696,18.660844348967874,,,
1770765755716,,24.391050338745117,-2.632050037384033,16.318950653076172
1770765755757,8.828466358168031,,,
1770765755774,,,1.0279500484466553,3.8230502605438232
1770765755775,,4.1610002517700195,,
1770765755817,7.458626625929169,,,
1770765755844,,6.697050094604492,-4.06095027923584,-10.090950012207031
1770765755879,10.765290497343186,,,
1770765755904,,3.1440000534057617,-2.7709500789642334,-2.580000162124634
1770765755960,3.9540090665505887,,,
1770765755978,,,,-6.511950492858887
1770765755979,,8.72504997253418,1.7989500761032104,
1770765756019,2.4225860536327413,,,
1770765756039,,12.076951026916504,-1.8109500408172607,3.5719501972198486
1770765756081,6.772612102336934,,,
1770765756113,,11.055000305175781,-1.6210501194000244,-1.078950047492981
1770765756145,0.35287892452061614,,,
1770765756160,,11.577000617980957,-1.8780001401901245,5.559000492095947
1770765756222,2.937449515700244,,,
1770765756241,,,,1.3120501041412354
1770765756242,,12.8100004196167,-7.612050533294678,
1770765756283,4.15126989767055,,,
1770765756302,,,,2.2930500507354736
1770765756303,,7.494000434875488,-3.2059502601623535,
1770765756344,13.44198859898033,,,
1770765756363,,12.193950653076172,-5.293950080871582,-4.398000240325928
1770765756405,6.51309469659819,,,
1770765756427,,,,25.14000129699707
1770765756428,,6.100950241088867,-6.241950511932373,
1770765756485,8.635203642263416,,,
1770765756506,,,,-6.720000267028809
1770765756507,,14.77500057220459,-0.4240500330924988,
1770765756548,1.7315713714994705,,,
1770765756566,,6.261000156402588,-0.8790000677108765,6.760950088500977
1770765756607,2.820192709621645,,,
1770765756630,,,,5.104050159454346
1770765756631,,11.646000862121582,1.456950068473816,
1770765756673,4.083837023958821,,,
1770765756686,,,,5.698050498962402
1770765756687,,8.839950561523438,0.697950005531311,
1770765756748,6.303178609034697,,,
1770765756768,,-0.6640500426292419,1.5210000276565552,11.250000953674316
1770765756809,5.298478955506321,,,
1770765756828,,3.268050193786621,1.1880000829696655,7.414950370788574
1770765756870,6.5323082463544715,,,
1770765756890,,8.545050621032715,1.519050121307373,0.9859500527381897
1770765756932,1.3003892279193738,,,
1770765756951,,13.849050521850586,0.5680500268936157,14.170950889587402
1770765757012,18.120176317986584,,,
1770765757033,,,,-4.534049987792969
1770765757034,,8.083050727844238,1.0660500526428223,
1770765757075,3.5574033988656306,,,
1770765757092,,,,3.9930002689361572
1770765757093,,11.038050651550293,-0.4410000145435333,
1770765757137,5.2599367835593815,,,
1770765757155,,,,5.467950344085693
1770765757156,,5.2099504470825195,4.9360504150390625,
1770765757199,4.868024481606026,,,
1770765757214,,,,2.63100004196167
1770765757215,,16.51395034790039,0.3720000088214874,
1770765757276,3.117493884486706,,,
1770765757294,,,,4.795050144195557
1770765757295,,9.57300090789795,1.588050127029419,
1770765757336,3.6825571067924523,,,
1770765757358,,,4.062000274658203,3.6940500736236572
1770765757359,,7.336050510406494,,
1770765757396,5.554375705472133,,,
1770765757421,,11.955000877380371,4.627050399780273,8.241000175476074
1770765757459,3.4104700108020416,,,
1770765757477,,9.313950538635254,2.512050151824951,4.234950065612793
1770765757542,2.8114757792179015,,,
1770765757559,,5.998050212860107,9.742950439453125,-2.3959500789642334
1770765757603,3.0184771238720476,,,
1770765757620,,,,3.895050287246704
1770765757621,,8.493000030517578,5.236950397491455,
1770765757660,3.094882334011578,,,
1770765757688,,8.701050758361816,3.4800002574920654,3.1240501403808594
1770765757722,3.2263400760862235,,,
1770765757754,,,3.207000255584717,0.8710500597953796
1770765757755,,7.858050346374512,,
1770765757802,5.980065928322202,,,
1770765757820,,,,2.11395001411438
1770765757822,,9.357000350952148,1.4140501022338867,
1770765757862,3.5456142789697775,,,
1770765757882,,10.06095027923584,1.4179500341415405,5.5159502029418945
1770765757925,1.9278507526057378,,,
1770765757945,,7.888950347900391,2.9239501953125,1.8379501104354858
1770765757984,1.8475183673405042,,,
1770765758009,,8.506950378417969,2.761050224304199,4.944000244140625
1770765758065,0.16169220895475575,,,
1770765758084,,,,5.077950477600098
1770765758085,,6.109950065612793,4.768050193786621,
1770765758127,3.4444202470100387,,,
1770765758145,,8.905050277709961,3.4680001735687256,6.651000499725342
1770765758188,2.9854640072256675,,,
1770765758212,,9.05505084991455,1.3369500637054443,5.253000259399414
1770765758247,2.937161365225952,,,
1770765758279,,6.280050277709961,2.4979500770568848,7.54395055770874
1770765758328,5.090572934384986,,,
1770765758349,,,,4.708950042724609
1770765758350,,11.301000595092773,2.886000156402588,
1770765758390,4.131889139156128,,,
1770765758408,,,,2.4079501628875732
1770765758409,,10.758000373840332,1.4689500331878662,
1770765758456,3.4887418880662198,,,
1770765758469,,,0.736050009727478,1.3690500259399414
1770765758470,,10.0420503616333,,
1770765758511,1.759909773161104,,,
1770765758544,,12.127050399780273,1.6579500436782837,3.118950128555298
1770765758592,3.68243771937393,,,
1770765758613,,6.127050399780273,3.8050501346588135,1.984950065612793
1770765758653,3.347787291411322,,,
1770765758672,,9.393000602722168,4.867950439453125,2.499000072479248
1770765758713,0.9786157613901189,,,
1770765758732,,,,5.446950435638428
1770765758733,,4.789050102233887,3.8959500789642334,
1770765758773,6.07454499475562,,,
1770765758796,,,1.3579500913619995,7.3120503425598145
1770765758797,,8.244000434875488,,
1770765758855,5.071874533680855,,,
1770765758874,,,,5.487000465393066
1770765758875,,,3.1330502033233643,
1770765758876,,8.71500015258789,,
1770765758916,0.6664177583905977,,,
1770765758934,,,,3.6439502239227295
1770765758935,,9.426000595092773,3.421950101852417,
1770765758976,2.7122666676097333,,,
1770765758998,,7.291050434112549,4.689000129699707,3.853950262069702
1770765759037,2.2575509206915756,,,
1770765759063,,,,2.9110500812530518
1770765759064,,8.020950317382812,4.5360002517700195,
1770765759118,2.2309575121572855,,,
1770765759137,,,,6.952950477600098
1770765759138,,7.2330002784729,6.370050430297852,
1770765759184,2.7242934614679046,,,
1770765759200,,,3.4099502563476562,2.49495005607605
1770765759201,,6.735000133514404,,
1770765759241,2.2680594157756913,,,
1770765759260,,7.935000419616699,3.3100502490997314,2.092050075531006
1770765759303,1.2526684412125677,,,
1770765759320,,8.566950798034668,4.537950038909912,6.061950206756592
1770765759382,3.0808779416420227,,,
1770765759401,,,,3.928950071334839
1770765759402,,7.717050552368164,2.6920502185821533,
1770765759444,2.7441517459739067,,,
1770765759461,,8.23905086517334,3.2280001640319824,2.362950086593628
1770765759506,3.238460890109309,,,
1770765759526,,9.460050582885742,4.461000442504883,3.7039501667022705
1770765759564,2.4357716227999497,,,
1770765759590,,10.50195026397705,2.7829501628875732,1.5799500942230225
1770765759645,4.197541225610326,,,
1770765759668,,,3.9250502586364746,7.07205057144165
1770765759669,,8.125950813293457,,
1770765759705,2.180521268905761,,,
1770765759724,,,,5.077950477600098
1770765759725,,11.356050491333008,-0.0580500029027462,
1770765759766,3.4835234144509952,,,
1770765759788,,6.6060004234313965,3.352950096130371,5.688000202178955
1770765759827,2.5759088412320423,,,
1770765759854,,8.160000801086426,4.190999984741211,4.951050281524658
1770765759908,1.7887706268635408,,,
1770765759927,,,,4.414950370788574
1770765759928,,6.850050449371338,4.1170501708984375,
1770765759969,1.9013705731142816,,,
1770765759987,,,,3.0360002517700195
1770765759988,,9.967950820922852,2.9820001125335693,
1770765760030,2.2773866731187584,,,
1770765760050,,6.142050266265869,3.463050127029419,1.7280000448226929
1770765760090,2.661553417878725,,,
1770765760112,,5.614950180053711,3.475050210952759,3.778050184249878
1770765760172,1.0358945696696795,,,
1770765760191,,9.172950744628906,3.4609501361846924,3.598050117492676
1770765760232,0.8610258372104188,,,
1770765760252,,9.568050384521484,2.5699501037597656,5.463000297546387
1770765760294,2.3283060502693163,,,
1770765760312,,9.189000129699707,4.485000133514404,2.8819501399993896
1770765760353,2.5475399342889355,,,
1770765760381,,10.61400032043457,3.1690502166748047,1.675950050354004
1770765760436,2.8881970905881804,,,
1770765760453,,,,0.26295000314712524
1770765760454,,6.95805025100708,3.324000120162964,
1770765760497,3.2099282565076543,,,
1770765760515,,8.112000465393066,2.0650501251220703,7.384050369262695
1770765760557,1.7838461177300924,,,
1770765760574,,,4.6120500564575195,6.1870503425598145
1770765760575,,7.627950191497803,,
1770765760617,2.48085059883825,,,
1770765760638,,8.317950248718262,4.957050323486328,6.189000129699707
1770765760698,3.909423393602537,,,
1770765760719,,,,2.69100022315979
1770765760720,,8.827950477600098,3.513000249862671,
1770765760758,3.827717911231049,,,
1770765760778,,8.991000175476074,2.884050130844116,-6.2989501953125
1770765760820,3.4749405066797014,,,
1770765760844,,,0.22395001351833344,6.412050247192383
1770765760845,,5.574000358581543,,
1770765760881,1.4392033312349215,,,
1770765760913,,4.1610002517700195,3.6280500888824463,7.282950401306152
1770765760962,4.281391002254358,,,
1770765760980,,,,-0.9400500655174255
1770765760981,,5.164950370788574,5.401950359344482,
1770765761021,3.708557779327741,,,
1770765761043,,6.924000263214111,4.978950023651123,2.739000082015991
1770765761088,3.4671105987010984,,,
1770765761104,,,,3.8779501914978027
1770765761105,,10.96095085144043,-0.6400500535964966,
1770765761143,1.9381689332019412,,,
1770765761170,,,,1.977000117301941
1770765761171,,13.303050994873047,1.5670500993728638,
1770765761225,5.092988688673771,,,
1770765761243,,7.4320502281188965,6.436950206756592,4.249950408935547
1770765761286,1.1065531557728727,,,
1770765761305,,8.067000389099121,6.142050266265869,4.921950340270996
1770765761348,3.784507672278285,,,
1770765761380,,,,8.140049934387207
1770765761381,,5.593050479888916,5.979000091552734,
1770765761412,1.7800813823483472,,,
1770765761428,,8.683950424194336,3.705000162124634,2.845950126647949
1770765761487,1.3357559883887316,,,
1770765761507,,7.825050354003906,4.987950325012207,3.6439502239227295
1770765761549,3.5971255164646636,,,
1770765761568,,,,6.0360002517700195
1770765761569,,5.167050361633301,3.7890002727508545,
1770765761610,3.619549040130034,,,
1770765761628,,5.794050216674805,3.6790502071380615,6.868950366973877
1770765761670,1.3880560216206728,,,
1770765761689,,,3.1900501251220703,3.7800002098083496
1770765761690,,8.268000602722168,,
1770765761751,2.323092558036189,,,
1770765761770,,,,3.558000087738037
1770765761771,,5.7270002365112305,2.745000123977661,
1770765761812,3.2840808101473575,,,
1770765761830,,,,4.213950157165527
1770765761831,,8.7610502243042,3.7890002727508545,
1770765761874,1.1119189041329796,,,
1770765761892,,,3.790950298309326,5.9760003089904785
1770765761893,,5.470950126647949,,
1770765761933,4.50451751292988,,,
1770765761959,,,,0.06405000388622284
1770765761960,,12.53895092010498,0.283050000667572,
1770765762014,3.0015896718008155,,,
1770765762033,,,,4.489050388336182
1770765762034,,7.063050270080566,4.7659502029418945,
1770765762076,3.927117237109983,,,
1770765762095,,,4.7029500007629395,5.9160003662109375
1770765762096,,6.838050365447998,,
1770765762136,2.291886706336641,,,
1770765762161,,6.7159504890441895,3.973050117492676,3.8779501914978027
1770765762198,2.4515578980460413,,,
1770765762224,,5.16195011138916,3.1249501705169678,5.0560503005981445
1770765762278,2.539623304203243,,,
1770765762297,,,,4.527000427246094
1770765762298,,,2.716050148010254,
1770765762299,,8.587950706481934,,
1770765762339,1.6407583999895385,,,
1770765762359,,,,5.09505033493042
1770765762360,,6.217950344085693,3.973050117492676,
1770765762398,2.0379246134717772,,,
1770765762426,,5.449950218200684,5.1820502281188965,6.463950157165527
1770765762460,2.433028986810305,,,
1770765762479,,,,3.67995023727417
1770765762480,,4.932000160217285,5.488950252532959,
1770765762541,3.485123626617865,,,
1770765762560,,,,7.687950134277344
1770765762561,,6.793050289154053,5.355000019073486,
1770765762605,3.2109697252127605,,,
1770765762621,,6.5370001792907715,3.5590500831604004,3.8430001735687256
1770765762662,2.325569747518601,,,
1770765762682,,3.2160000801086426,1.987950086593628,4.969950199127197
1770765762726,2.1557450739908104,,,
1770765762744,,12.213000297546387,2.580000162124634,4.824000358581543
1770765762804,3.523116475640244,,,
1770765762823,,8.718000411987305,0.45795002579689026,7.309050559997559
1770765762865,3.5550759574834068,,,
1770765762884,,8.742000579833984,1.7989500761032104,7.318950176239014
1770765762925,0.7803096452507258,,,
1770765762944,,,,8.515950202941895
1770765762945,,9.436050415039062,4.677000045776367,
1770765762987,2.6541216233132783,,,
1770765763005,,,,6.426000118255615
1770765763006,,5.731950283050537,5.041050434112549,
1770765763068,2.591314344182309,,,
1770765763087,,2.710050106048584,4.837050437927246,7.138950347900391
1770765763129,6.9969770171074375,,,
1770765763148,,3.4669501781463623,5.479050159454346,8.557050704956055
1770765763189,3.7989010526820577,,,
1770765763217,,5.365950107574463,2.817000150680542,5.233950138092041
1770765763250,2.987818463960618,,,
1770765763269,,6.139050483703613,0.3360000252723694,5.964000225067139
1770765763332,3.1519222994100846,,,
1770765763350,,,,6.655950546264648
1770765763351,,10.35300064086914,0.40995001792907715,
1770765763392,5.8098210549825,,,
1770765763410,,,2.4499502182006836,2.9449501037597656
1770765763411,,6.124950408935547,,
1770765763452,1.2380696305396952,,,
1770765763473,,9.369000434875488,0.4650000333786011,4.135050296783447
1770765763513,1.3765976900242327,,,
1770765763534,,5.815950393676758,3.516000270843506,8.085000038146973
1770765763592,2.833472659855385,,,
1770765763615,,6.199050426483154,5.059950351715088,5.2860002517700195
1770765763652,3.810273943286517,,,
1770765763673,,14.301000595092773,2.926950216293335,4.4509501457214355
1770765763715,2.464154081995124,,,
1770765763733,,,,4.4599504470825195
1770765763734,,6.333000183105469,4.816050052642822,
1770765763775,1.6037506786175524,,,
1770765763801,,10.257000923156738,3.7099502086639404,2.7769501209259033
1770765763857,3.2040667382289185,,,
1770765763876,,,,5.302950382232666
1770765763877,,8.9239501953125,4.335000038146973,
1770765763918,10.057864430477052,,,
1770765763937,,1.1299500465393066,6.9970502853393555,10.005000114440918
1770765763977,3.6115957586993828,,,
1770765763997,,,-0.7810500264167786,6.718050479888916
1770765763998,,17.10300064086914,,
1770765764038,3.42319675506167,,,
1770765764058,,2.2320001125335693,2.6710500717163086,4.494000434875488
1770765764120,6.00850392741827,,,
1770765764139,,9.196950912475586,4.390050411224365,4.6210503578186035
1770765764180,2.619022557316222,,,
1770765764203,,6.877050399780273,4.411050319671631,5.044050216674805
1770765764240,3.2774402117713515,,,
1770765764262,,7.108950138092041,4.78695011138916,4.429050445556641
1770765764301,2.295335526217786,,,
1770765764323,,6.859950542449951,4.651050090789795,5.502000331878662
1770765764382,4.907032120681343,,,
1770765764402,,,,4.654050350189209
1770765764407,,4.699950218200684,3.7770001888275146,
1770765764443,3.7058826592567238,,,
1770765764463,,,,4.117949962615967
1770765764464,,10.719000816345215,3.889050245285034,
1770765764505,2.218302077090631,,,
1770765764524,,9.556050300598145,1.9350000619888306,0.7369500398635864
1770765764564,4.543339039348136,,,
1770765764590,,9.630000114440918,3.4699501991271973,1.7760001420974731
1770765764645,2.7746855170956795,,,
1770765764665,,,,5.81505012512207
1770765764666,,7.972950458526611,3.561000108718872,
1770765764708,1.7311274047852487,,,
1770765764726,,13.044000625610352,3.184950113296509,5.27400016784668
1770765764767,6.570618466976622,,,
1770765764788,,,3.1969501972198486,6.760950088500977
1770765764789,,9.853050231933594,,
1770765764828,2.4222220879689838,,,
1770765764855,,5.952000141143799,4.933050155639648,6.001950263977051
1770765764910,3.4413750741263107,,,
1770765764931,,,,3.151050090789795
1770765764933,,7.2330002784729,3.4080002307891846,
1770765764970,4.392387497947888,,,
1770765764989,,,,5.527950286865234
1770765764990,,0.5320500135421753,5.460000038146973,
1770765765034,5.073344542248274,,,
1770765765065,,10.348050117492676,3.1180500984191895,1.225950002670288
1770765765093,12.015910091912058,,,
1770765765112,,10.177950859069824,6.127950191497803,5.997000217437744
1770765765172,3.8400759621895166,,,
1770765765193,,,,12.724950790405273
1770765765194,,4.256999969482422,7.14300012588501,
1770765765234,11.12158493602678,,,
1770765765252,,,,5.289000034332275
1770765765253,,7.353000164031982,5.63700008392334,
1770765765298,2.596417721219516,,,
1770765765319,,,,3.325050115585327
1770765765320,,9.345000267028809,1.4730000495910645,
1770765765356,3.918019622442034,,,
1770765765388,,9.928950309753418,6.216000080108643,3.684000253677368
1770765765442,3.866428740076222,,,
1770765765456,,,,3.751950263977051
1770765765457,,15.307050704956055,3.511050224304199,
1770765765498,6.176526752718779,,,
1770765765521,,,,9.898050308227539
1770765765522,,6.960000514984131,7.497000217437744,
1770765765562,3.406871214049074,,,
1770765765581,,6.261000156402588,4.207950115203857,5.490000247955322
1770765765620,3.8979789143085477,,,
1770765765639,,11.593050956726074,4.047000408172607,3.4830002784729004
1770765765699,2.599930626603925,,,
1770765765720,,4.861050128936768,5.227950096130371,4.594050407409668
1770765765761,2.4291230064206846,,,
1770765765780,,,,2.4589500427246094
1770765765781,,11.548050880432129,2.931000232696533,
1770765765823,2.057624139760443,,,
1770765765842,,4.13700008392334,6.334050178527832,5.569050312042236
1770765765882,2.3981576563699702,,,
1770765765906,,6.412050247192383,4.8349504470825195,3.9000000953674316
1770765765964,4.662892563889708,,,
1770765765983,,,,3.8520002365112305
1770765765984,,11.469000816345215,2.3310000896453857,
1770765766024,2.1371076881933346,,,
1770765766045,,4.966050148010254,5.026050090789795,6.154950141906738
1770765766084,1.2131745379325742,,,
1770765766116,,10.603950500488281,2.2110002040863037,-2.1640501022338867
1770765766149,9.446123440167135,,,
1770765766166,,-4.780050277709961,7.2460503578186035,3.2100000381469727
1770765766227,5.356977365753227,,,
1770765766247,,13.237950325012207,3.580050230026245,3.1050002574920654
1770765766288,3.442671198026638,,,
1770765766308,,4.401000022888184,3.2500500679016113,8.224050521850586
1770765766352,5.598824868200929,,,
1770765766382,,,,1.5010501146316528
1770765766383,,23.818950653076172,-1.8630000352859497,
1770765766417,3.598919277098853,,,
1770765766431,,9.400050163269043,1.987950086593628,2.502000093460083
1770765766491,6.806138454395443,,,
1770765766509,,,,6.426000118255615
1770765766510,,13.044000625610352,4.39394998550415,
1770765766552,5.66637412419371,,,
1770765766570,,,,3.699000120162964
1770765766571,,11.446950912475586,-2.047950029373169,
1770765766612,9.312324266247717,,,
1770765766643,,,,0.6270000338554382
1770765766644,,17.79705047607422,0.9300000667572021,
1770765766677,2.2590972518622525,,,
1770765766693,,17.481000900268555,-0.27105000615119934,-3.14805006980896
1770765766753,9.396135842696935,,,
1770765766771,,,,-3.3439502716064453
1770765766772,,3.7300500869750977,4.120950222015381,
1770765766816,1.9681499717293551,,,
1770765766833,,8.256000518798828,5.284950256347656,4.82895040512085
1770765766876,7.2171372763089305,,,
1770765766895,,15.955950736999512,5.5410003662109375,4.531949996948242
1770765766936,5.369602065588607,,,
1770765766955,,6.783000469207764,6.742950439453125,-3.0520501136779785
1770765767018,6.393973445623609,,,
1770765767035,,,,0.8350500464439392
1770765767036,,13.051050186157227,3.592050075531006,
1770765767083,3.8811098967249746,,,
1770765767099,,10.870050430297852,1.0399500131607056,4.0410003662109375
1770765767139,1.2788523127251445,,,
1770765767166,,,,2.0470499992370605
1770765767167,,11.610000610351562,2.635050058364868,
1770765767200,3.8677593386398463,,,
1770765767234,,16.22895050048828,2.368950128555298,0.921000063419342
1770765767280,3.032309592764174,,,
1770765767300,,4.147050380706787,5.829000473022461,1.6090500354766846
1770765767343,6.617271666008417,,,
1770765767360,,7.959000587463379,3.274050235748291,4.302000045776367
1770765767408,7.724260224410121,,,
1770765767424,,,4.521000385284424,12.63900089263916
1770765767425,,2.2510499954223633,,
1770765767463,9.814550877933584,,,
1770765767487,,12.987000465393066,-3.8430001735687256,9.02595043182373
1770765767544,4.019103684590662,,,
1770765767564,,9.916950225830078,5.878950119018555,3.076050043106079
1770765767607,5.547969054737438,,,
1770765767624,,13.983000755310059,1.0500000715255737,6.9310503005981445
1770765767665,5.056539158044357,,,
1770765767692,,7.2360005378723145,10.20300006866455,6.3919501304626465
1770765767726,5.7387386007326615,,,
1770765767756,,,1.0879501104354858,-0.5140500068664551
1770765767757,,9.610950469970703,,
1770765767808,3.025843567308667,,,
1770765767825,,,,1.0290000438690186
1770765767826,,10.177950859069824,5.074050426483154,
1770765767867,2.6318857616457283,,,
1770765767886,,10.422000885009766,4.615050315856934,4.6180500984191895
1770765767928,3.605662761192279,,,
1770765767962,,,5.299050331115723,3.9310503005981445
1770765767963,,8.656050682067871,,
1770765767993,2.574973474754821,,,
1770765768009,,8.81100082397461,6.220950126647949,3.2730002403259277
1770765768070,2.745974108068949,,,
1770765768089,,,6.013050079345703,1.6470000743865967
1770765768090,,5.125950336456299,,
1770765768131,3.7458335619039893,,,
1770765768150,,10.863000869750977,3.346050262451172,2.3770501613616943
1770765768191,2.6986081527176307,,,
1770765768216,,,,1.6470000743865967
1770765768217,,7.33905029296875,3.3289501667022705,
1770765768252,1.8700630678159635,,,
1770765768279,,,,1.1059499979019165
1770765768280,,13.92300033569336,0.6330000162124634,
1770765768333,3.888179883963523,,,
1770765768352,,,,1.3020000457763672
1770765768353,,10.470000267028809,3.1330502033233643,
1770765768393,9.07930864769006,,,
1770765768414,,,,-6.676950454711914
1770765768416,,,3.3390002250671387,
1770765768417,,16.822050094604492,,
1770765768455,14.200653297547563,,,
1770765768491,,,7.038000106811523,-1.0309500694274902
1770765768492,,8.835000038146973,,
1770765768515,4.7941976524733985,,,
1770765768535,,9.154050827026367,4.023000240325928,7.534050464630127
1770765768597,3.9615970340868643,,,
1770765768617,,10.956000328063965,1.7100000381469727,7.147050380706787
1770765768658,4.158768657966957,,,
1770765768676,,,,5.502000331878662
1770765768677,,6.048000335693359,6.7669501304626465,
1770765768719,6.428526614804971,,,
1770765768738,,7.273950576782227,1.801050066947937,2.200050115585327
1770765768779,12.097805713275935,,,
1770765768803,,,,-5.512950420379639
1770765768804,,-1.4899500608444214,15.15195083618164,
1770765768861,8.011746366054306,,,
1770765768883,,5.398950099945068,12.493950843811035,6.193950176239014
1770765768921,3.2459497890384847,,,
1770765768941,,6.429000377655029,5.377950191497803,3.2629501819610596
1770765768983,5.036638679418221,,,
1770765769001,,,2.0500500202178955,-1.6489500999450684
1770765769002,,9.682950019836426,,
1770765769043,1.8656200389700253,,,
1770765769070,,7.7910003662109375,6.856050491333008,0.49500003457069397
1770765769123,3.2853405840636825,,,
1770765769142,,,,0.5410500168800354
1770765769143,,7.654950141906738,8.9239501953125,
1770765769184,3.891090824781871,,,
1770765769203,,12.09795093536377,3.7669501304626465,5.383950233459473
1770765769245,3.1845417132551295,,,
1770765769278,,10.939950942993164,5.07705020904541,7.008000373840332
1770765769309,4.057232302556655,,,
1770765769324,,,6.376950263977051,-2.5489501953125
1770765769325,,5.830050468444824,,
1770765769386,3.3197497799811013,,,
1770765769406,,9.834000587463379,4.0759501457214355,-2.0460000038146973
1770765769447,2.795290279566649,,,
1770765769467,,8.962050437927246,6.2719502449035645,3.3349502086639404
1770765769508,6.8705346604901205,,,
1770765769527,,,,6.193950176239014
1770765769528,,9.859950065612793,7.52400016784668,
1770765769569,7.495091675954139,,,
1770765769588,,,3.204000234603882,-1.821000099182129
1770765769589,,10.681050300598145,,
1770765769651,3.805370982227348,,,
1770765769670,,,,6.3760504722595215
1770765769672,,,5.85705041885376,
1770765769673,,11.586000442504883,,
1770765769711,4.708381224982279,,,
1770765769730,,5.695950508117676,4.33905029296875,-1.3860000371932983
1770765769770,8.288704450030833,,,
1770765769800,,18.027000427246094,4.264950275421143,3.724950075149536
1770765769832,4.24069384277956,,,
1770765769851,,,,-6.7819504737854
1770765769852,,7.8319501876831055,7.212000370025635,
1770765769914,6.438639419604393,,,
1770765769932,,,,-3.009000062942505
1770765769933,,6.580050468444824,8.91195011138916,
1770765769973,5.6117744095718765,,,
1770765769992,,7.813050270080566,5.758950233459473,0.47895002365112305
1770765770034,3.3355827053534335,,,
1770765770054,,,,1.3759500980377197
1770765770055,,10.465950965881348,5.20395040512085,
1770765770096,8.78219653692535,,,
1770765770115,,,,1.9410001039505005
1770765770116,,14.019001007080078,3.373950242996216,
1770765770175,7.49019541425656,,,
1770765770200,,7.687950134277344,7.8160505294799805,0.853950023651123
1770765770246,4.928904524104647,,,
1770765770256,,,4.25100040435791,-5.901000499725342
1770765770257,,5.811000347137451,,
1770765770298,4.6960866991192285,,,
1770765770318,,9.418950080871582,3.670950174331665,-0.48795002698898315
1770765770359,2.6057434394766283,,,
1770765770383,,10.267050743103027,6.688050270080566,0.04005000367760658
1770765770440,3.916517998870123,,,
1770765770459,,,,0.547950029373169
1770765770460,,5.257950305938721,8.268000602722168,
1770765770501,3.423533277333986,,,
1770765770521,,10.252950668334961,7.4350504875183105,-0.44700002670288086
1770765770561,1.7431830739071825,,,
1770765770589,,6.442950248718262,5.926950454711914,3.7200002670288086
1770765770621,1.5211190604135394,,,
1770765770653,,4.354950428009033,4.9360504150390625,-0.5839500427246094
1770765770703,2.424472523375252,,,
1770765770722,,,,-0.6889500617980957
1770765770723,,8.059050559997559,4.489950180053711,
1770765770763,1.7010651477221688,,,
1770765770783,,,8.34000015258789,1.8220500946044922
1770765770784,,8.337000846862793,,
1770765770825,1.5398424370158659,,,
1770765770850,,8.050050735473633,6.027000427246094,-0.3679500222206116
1770765770886,3.2277317099275726,,,
1770765770909,,7.710000514984131,6.208950519561768,0.49800002574920654
1770765770966,2.3689935926332213,,,
1770765770985,,,,1.0390501022338867
1770765770986,,7.183050155639648,6.0319504737854,
1770765771027,3.757999280701102,,,
1770765771046,,,,-0.17205001413822174
1770765771047,,7.746000289916992,6.544050216674805,
1770765771088,1.0855146723827043,,,
1770765771113,,,5.722950458526611,2.0280001163482666
1770765771114,,7.353000164031982,,
1770765771149,1.3608369091537473,,,
1770765771178,,5.052000045776367,7.777950286865234,1.9579501152038574
1770765771230,2.8410165246243246,,,
1770765771249,,,5.137050151824951,0.6700500249862671
1770765771251,,7.975950241088867,,
1770765771291,1.5580987359322567,,,
1770765771311,,7.2330002784729,4.804050445556641,-0.44895002245903015
1770765771357,2.0252295846657655,,,
1770765771373,,6.343050479888916,5.509950160980225,0.10695000737905502
1770765771412,2.3005198927717565,,,
1770765771432,,6.349950313568115,7.25100040435791,-0.853950023651123
1770765771498,2.4869645735760226,,,
1770765771519,,,3.4609501361846924,0.5530500411987305
1770765771520,,10.729050636291504,,
1770765771556,3.357348447377325,,,
1770765771571,,,,1.0600500106811523
1770765771572,,9.580050468444824,5.17995023727417,
1770765771615,1.7994184985241233,,,
1770765771637,,,6.916050434112549,1.4770500659942627
1770765771638,,9.213000297546387,,
1770765771674,3.0798904855257487,,,
1770765771706,,9.088950157165527,4.296000003814697,-0.9499500393867493
1770765771756,0.6812887950665067,,,
1770765771774,,,,1.7640000581741333
1770765771776,,6.682950496673584,6.813000202178955,
1770765771817,3.1109851138017195,,,
1770765771837,,10.272000312805176,4.855950355529785,1.4119501113891602
1770765771879,0.9814532986595942,,,
1770765771903,,,6.810000419616699,1.434000015258789
1770765771904,,7.480050563812256,,
1770765771939,0.8549586477931785,,,
1770765771964,,7.849050521850586,6.943950176239014,3.80400013923645
1770765772019,1.014808678846947,,,
1770765772039,,,6.319050312042236,2.0160000324249268
1770765772040,,6.598950386047363,,
1770765772082,3.5108880576441206,,,
1770765772100,,8.337000846862793,5.014950275421143,0.4350000321865082
1770765772141,3.1320981093492835,,,
1770765772160,,,,5.230950355529785
1770765772161,,7.237950325012207,4.179000377655029,
1770765772201,6.0902415030063795,,,
1770765772233,,,,4.324050426483154
1770765772234,,11.670001029968262,3.934950113296509,
1770765772286,3.1978731597691112,,,
1770765772304,,8.032950401306152,6.21405029296875,3.2059502601623535
1770765772345,3.3830298514722195,,,
1770765772363,,5.092950344085693,4.603050231933594,1.7329500913619995
1770765772405,3.542237867780547,,,
1770765772424,,9.442950248718262,6.408000469207764,-0.032999999821186066
1770765772464,0.6218954466329045,,,
1770765772484,,,5.545950412750244,1.2930001020431519
1770765772485,,8.956950187683105,,
1770765772546,0.9476234939838977,,,
1770765772565,,,,0.7990500330924988
1770765772570,,,4.750950336456299,
1770765772571,,8.878050804138184,,
1770765772607,1.1349972408109896,,,
1770765772626,,8.657999992370605,5.3710503578186035,2.5950000286102295
1770765772668,0.8975746655553145,,,
1770765772691,,6.309000492095947,7.335000514984131,3.559950113296509
1770765772728,2.950408008614633,,,
1770765772762,,8.348999977111816,6.901050090789795,-1.76895010471344
1770765772809,2.405764642291328,,,
1770765772828,,,,1.4770500659942627
1770765772829,,8.028000831604004,6.063000202178955,
1770765772870,1.4355163986188857,,,
1770765772889,,8.617050170898438,3.44100022315979,2.2290000915527344
1770765772931,4.256691993472739,,,
1770765772952,,,2.115000009536743,3.4810502529144287
1770765772953,,12.357000350952148,,
1770765772994,1.6972453266505936,,,
1770765773010,,9.426000595092773,4.156949996948242,5.775000095367432
1770765773073,3.354741365153981,,,
1770765773092,,6.193950176239014,1.7149500846862793,8.562000274658203
1770765773133,3.0847479350334073,,,
1770765773151,,,,7.903050422668457
1770765773152,,,2.1319501399993896,
1770765773153,,5.229000091552734,,
1770765773194,3.0134462382114635,,,
1770765773213,,,,8.526000022888184
1770765773214,,3.0390000343322754,2.4570000171661377,
1770765773255,2.981727104477157,,,
1770765773275,,,,8.680950164794922
1770765773276,,3.988950252532959,2.0789999961853027,
1770765773336,2.0702268186869155,,,
1770765773355,,,1.4449501037597656,8.916000366210938
1770765773357,,3.4099502563476562,,
1770765773397,2.5057603276837352,,,
1770765773415,,,1.0300500392913818,9.949950218200684
1770765773416,,9.145950317382812,,
1770765773457,0.357517771545931,,,
1770765773483,,3.807000160217285,2.026050090789795,8.586000442504883
1770765773518,2.3110227248008397,,,
1770765773548,,3.7950000762939453,3.0610501766204834,11.017950057983398
1770765773605,4.3403324432321355,,,
1770765773617,,,3.312000274658203,13.294950485229492
1770765773619,,1.755000114440918,,
1770765773659,1.2530974159153803,,,
1770765773679,,,,8.983050346374512
1770765773680,,4.414950370788574,1.8370500802993774,
1770765773722,1.4751464674045152,,,
1770765773753,,3.2920501232147217,2.647050142288208,7.699950218200684
1770765773781,3.1154094778374817,,,
1770765773800,,,,5.593050479888916
1770765773801,,2.8660502433776855,3.3670501708984375,
1770765773863,0.7884205387935528,,,
1770765773881,,,,9.835050582885742
1770765773882,,2.7370500564575195,3.322050094604492,
1770765773924,1.6927163774348126,,,
1770765773943,,2.6700000762939453,3.7860002517700195,9.181950569152832
1770765773985,1.7923709313226543,,,
1770765774003,,4.06095027923584,3.4699501991271973,7.482000350952148
1770765774044,1.0750895352004455,,,
1770765774069,,2.593050241470337,2.9100000858306885,9.370950698852539
1770765774130,1.0193021670388533,,,
1770765774144,,2.6460001468658447,3.2160000801086426,9.430950164794922
